order_id,customer_id,product_id,date,amount,quantity
1000,170,109,2025-04-01,39.99,1
1001,84,104,2025-05-22,24.99,1
1002,144,101,2025-01-31,129.99,1
1003,74,106,2025-07-13,59.99,1
1004,126,103,2025-12-01,89.99,1
1005,186,107,2025-09-09,29.99,1
1006,51,101,2025-07-04,129.99,1
1007,26,102,2025-07-28,49.99,1
1008,144,110,2025-11-19,149.99,1
1009,152,109,2025-06-19,39.99,1
1010,116,101,2025-12-01,129.99,1
1011,135,108,2025-10-06,19.99,1
1012,98,102,2025-10-19,49.99,1
1013,188,104,2025-05-26,24.99,1
1014,26,103,2025-06-08,89.99,1
1015,192,101,2025-08-09,129.99,1
1016,64,107,2025-03-25,29.99,1
1017,90,106,2025-08-03,59.99,1
1018,182,107,2025-02-08,29.99,1
1019,180,109,2025-07-16,39.99,1
1020,165,102,2025-10-19,49.99,1
1021,148,105,2025-04-25,34.99,1
1022,54,109,2026-01-10,39.99,1
1023,28,108,2025-09-19,19.99,1
1024,46,107,2025-02-25,29.99,1
1025,146,106,2026-01-04,59.99,1
1026,194,106,2025-06-06,59.99,1
1027,27,103,2025-10-30,89.99,1
1028,45,106,2025-05-17,59.99,1
1029,28,107,2025-12-22,29.99,1
1030,15,106,2025-10-16,59.99,1
1031,17,102,2025-03-26,49.99,1
1032,171,102,2025-07-18,49.99,1
1033,32,109,2025-07-15,39.99,1
1034,51,110,2025-01-29,149.99,1
1035,121,106,2025-03-04,59.99,1
1036,172,106,2025-05-14,59.99,1
1037,189,107,2025-07-05,29.99,1
1038,20,101,2025-06-29,129.99,1
1039,57,109,2025-08-22,39.99,1
1040,107,105,2025-07-20,34.99,1
1041,69,103,2025-05-13,89.99,1
1042,13,105,2025-08-25,34.99,1
1043,9,101,2025-03-13,129.99,1
1044,67,110,2026-01-10,149.99,1
1045,161,110,2025-10-10,149.99,1
1046,153,101,2025-05-02,129.99,1
1047,150,105,2025-05-16,34.99,1
1048,132,101,2025-11-12,129.99,1
1049,38,102,2025-07-26,49.99,1
1050,108,109,2025-09-29,39.99,1
1051,199,110,2025-05-02,149.99,1
1052,55,107,2025-11-07,29.99,1
1053,172,101,2025-05-27,129.99,1
1054,118,104,2025-09-16,24.99,1
1055,76,101,2026-01-06,129.99,1
1056,72,103,2025-08-14,89.99,1
1057,69,104,2025-10-31,24.99,1
1058,174,107,2025-10-05,29.99,1
1059,45,105,2025-09-21,34.99,1
1060,26,103,2025-01-22,89.99,1
1061,52,102,2025-07-05,49.99,1
1062,198,103,2026-01-01,89.99,1
1063,154,109,2025-10-26,39.99,1
1064,144,105,2025-10-24,34.99,1
1065,3,103,2025-08-12,89.99,1
1066,97,102,2025-10-04,49.99,1
1067,199,106,2025-08-14,59.99,1
1068,156,106,2025-03-16,59.99,1
1069,47,109,2025-08-31,39.99,1
1070,34,101,2025-08-27,129.99,1
1071,34,103,2025-11-16,89.99,1
1072,41,108,2025-03-08,19.99,1
1073,56,102,2025-09-19,49.99,1
1074,82,103,2025-01-24,89.99,1
1075,19,101,2025-12-26,129.99,1
1076,200,104,2025-02-22,24.99,1
1077,31,106,2025-01-19,59.99,1
1078,122,109,2025-05-07,39.99,1
1079,163,107,2025-03-09,29.99,1
1080,163,103,2025-09-22,89.99,1
1081,116,103,2025-06-12,89.99,1
1082,176,101,2025-10-23,129.99,1
1083,73,102,2025-12-15,49.99,1
1084,75,108,2025-11-28,19.99,1
1085,119,104,2025-10-09,24.99,1
1086,126,102,2025-02-04,49.99,1
1087,191,110,2025-03-04,149.99,1
1088,58,105,2025-03-29,34.99,1
1089,56,107,2025-05-11,29.99,1
1090,116,101,2025-09-12,129.99,1
1091,177,103,2025-07-24,89.99,1
1092,164,110,2025-05-07,149.99,1
1093,53,107,2025-03-17,29.99,1
1094,142,108,2025-12-12,19.99,1
1095,156,108,2025-05-18,19.99,1
1096,85,101,2025-05-22,129.99,1
1097,77,107,2025-10-22,29.99,1
1098,127,103,2025-10-03,89.99,1
1099,114,102,2025-09-05,49.99,1
1100,81,110,2025-09-23,149.99,1
1101,94,104,2025-08-24,24.99,1
1102,24,107,2025-03-24,29.99,1
1103,136,105,2025-04-13,34.99,1
1104,199,110,2025-08-05,149.99,1
1105,28,107,2025-04-05,29.99,1
1106,88,103,2026-01-04,89.99,1
1107,187,102,2025-05-01,49.99,1
1108,133,109,2025-04-28,39.99,1
1109,122,106,2025-03-29,59.99,1
1110,105,101,2025-09-28,129.99,1
1111,87,103,2025-05-09,89.99,1
1112,33,110,2025-05-20,149.99,1
1113,133,101,2025-12-20,129.99,1
1114,21,110,2025-10-31,149.99,1
1115,31,102,2025-04-23,49.99,1
1116,58,109,2025-02-26,39.99,1
1117,10,106,2025-09-17,59.99,1
1118,199,106,2025-05-31,59.99,1
1119,92,110,2026-01-06,149.99,1
1120,199,110,2025-11-08,149.99,1
1121,135,110,2025-12-28,149.99,1
1122,174,107,2025-11-03,29.99,1
1123,51,110,2025-04-29,149.99,1
1124,187,109,2025-04-28,39.99,1
1125,94,105,2025-10-01,34.99,1
1126,105,103,2025-05-19,89.99,1
1127,54,101,2025-06-23,129.99,1
1128,117,110,2025-04-16,149.99,1
1129,31,106,2025-07-07,59.99,1
1130,164,101,2025-03-27,129.99,1
1131,40,105,2025-07-29,34.99,1
1132,75,109,2025-12-20,39.99,1
1133,65,104,2025-09-24,24.99,1
1134,35,109,2025-03-04,39.99,1
1135,21,104,2025-08-26,24.99,1
1136,22,105,2025-08-15,34.99,1
1137,47,105,2025-04-11,34.99,1
1138,169,107,2025-09-15,29.99,1
1139,163,102,2025-07-26,49.99,1
1140,77,107,2025-09-03,29.99,1
1141,150,104,2025-02-01,24.99,1
1142,21,106,2025-06-13,59.99,1
1143,157,102,2025-10-02,49.99,1
1144,45,106,2025-02-18,59.99,1
1145,189,106,2025-10-22,59.99,1
1146,104,110,2025-01-14,149.99,1
1147,138,108,2025-08-02,19.99,1
1148,68,102,2025-12-19,49.99,1
1149,150,110,2025-06-10,149.99,1
1150,31,104,2025-12-21,24.99,1
1151,43,104,2025-11-30,24.99,1
1152,55,110,2025-07-06,149.99,1
1153,186,110,2025-03-27,149.99,1
1154,22,107,2025-12-31,29.99,1
1155,149,110,2025-05-10,149.99,1
1156,34,104,2025-09-06,24.99,1
1157,44,103,2025-12-11,89.99,1
1158,72,104,2025-02-14,24.99,1
1159,193,103,2025-08-11,89.99,1
1160,103,107,2025-07-27,29.99,1
1161,34,109,2025-10-04,39.99,1
1162,123,107,2025-12-21,29.99,1
1163,113,108,2025-12-13,19.99,1
1164,185,106,2025-03-18,59.99,1
1165,166,110,2025-12-01,149.99,1
1166,110,110,2025-03-18,149.99,1
1167,42,110,2025-12-15,149.99,1
1168,114,107,2026-01-12,29.99,1
1169,9,106,2025-06-07,59.99,1
1170,150,105,2025-07-13,34.99,1
1171,87,101,2025-12-21,129.99,1
1172,69,102,2025-12-31,49.99,1
1173,197,101,2025-12-17,129.99,1
1174,193,110,2025-11-29,149.99,1
1175,110,106,2025-01-16,59.99,1
1176,85,102,2025-08-08,49.99,1
1177,103,101,2025-02-21,129.99,1
1178,75,110,2026-01-07,149.99,1
1179,143,108,2025-04-27,19.99,1
1180,189,110,2026-01-10,149.99,1
1181,188,103,2025-07-30,89.99,1
1182,47,102,2025-07-12,49.99,1
1183,181,103,2025-12-22,89.99,1
1184,184,106,2025-11-20,59.99,1
1185,147,105,2025-07-03,34.99,1
1186,41,105,2025-03-24,34.99,1
1187,108,107,2025-02-23,29.99,1
1188,127,110,2025-03-13,149.99,1
1189,139,106,2025-06-29,59.99,1
1190,162,109,2025-04-17,39.99,1
1191,198,108,2025-03-22,19.99,1
1192,142,105,2025-10-09,34.99,1
1193,10,101,2025-10-29,129.99,1
1194,131,103,2025-08-08,89.99,1
1195,177,104,2025-10-17,24.99,1
1196,172,108,2025-03-18,19.99,1
1197,118,109,2025-11-22,39.99,1
1198,104,101,2025-12-07,129.99,1
1199,5,106,2025-11-11,59.99,1
1200,113,106,2025-07-20,59.99,1
1201,6,107,2025-02-13,29.99,1
1202,98,106,2025-09-14,59.99,1
1203,77,108,2025-03-21,19.99,1
1204,121,104,2025-03-05,24.99,1
1205,38,106,2025-05-11,59.99,1
1206,33,106,2025-04-13,59.99,1
1207,147,106,2025-04-18,59.99,1
1208,126,108,2025-04-09,19.99,1
1209,188,108,2025-10-15,19.99,1
1210,80,102,2025-12-28,49.99,1
1211,169,105,2025-05-03,34.99,1
1212,166,109,2025-10-04,39.99,1
1213,45,101,2025-01-17,129.99,1
1214,92,108,2025-09-09,19.99,1
1215,91,110,2025-09-23,149.99,1
1216,124,107,2025-02-04,29.99,1
1217,55,108,2025-02-25,19.99,1
1218,143,103,2025-05-05,89.99,1
1219,102,104,2025-06-10,24.99,1
1220,66,103,2025-07-15,89.99,1
1221,185,105,2025-12-06,34.99,1
1222,192,110,2025-09-27,149.99,1
1223,197,101,2025-05-06,129.99,1
1224,127,103,2025-02-24,89.99,1
1225,138,110,2025-12-14,149.99,1
1226,55,106,2025-04-30,59.99,1
1227,55,103,2025-08-25,89.99,1
1228,183,103,2025-04-03,89.99,1
1229,154,105,2025-03-02,34.99,1
1230,64,101,2025-03-10,129.99,1
1231,129,107,2025-10-13,29.99,1
1232,14,109,2025-08-22,39.99,1
1233,110,105,2025-06-14,34.99,1
1234,18,103,2025-08-02,89.99,1
1235,28,101,2025-07-04,129.99,1
1236,28,101,2025-07-28,129.99,1
1237,157,104,2025-09-13,24.99,1
1238,177,107,2025-04-02,29.99,1
1239,65,110,2025-04-13,149.99,1
1240,44,101,2025-10-16,129.99,1
1241,19,101,2025-11-28,129.99,1
1242,81,104,2025-02-11,24.99,1
1243,189,102,2025-06-25,49.99,1
1244,176,109,2025-09-27,39.99,1
1245,109,101,2025-02-10,129.99,1
1246,21,101,2025-08-07,129.99,1
1247,156,109,2025-02-04,39.99,1
1248,18,108,2025-08-01,19.99,1
1249,200,110,2025-07-17,149.99,1
1250,64,103,2025-08-10,89.99,1
1251,80,105,2025-03-08,34.99,1
1252,133,105,2025-05-13,34.99,1
1253,17,107,2025-07-22,29.99,1
1254,97,109,2025-02-24,39.99,1
1255,193,104,2025-03-29,24.99,1
1256,194,103,2025-08-14,89.99,1
1257,134,108,2025-02-15,19.99,1
1258,75,107,2025-07-18,29.99,1
1259,76,104,2025-11-04,24.99,1
1260,68,101,2025-06-27,129.99,1
1261,106,106,2025-07-19,59.99,1
1262,90,102,2025-06-29,49.99,1
1263,93,107,2025-02-03,29.99,1
1264,114,105,2025-07-01,34.99,1
1265,119,104,2025-11-04,24.99,1
1266,174,102,2025-10-04,49.99,1
1267,62,107,2025-06-06,29.99,1
1268,56,101,2025-11-07,129.99,1
1269,28,107,2025-10-12,29.99,1
1270,16,104,2025-08-12,24.99,1
1271,143,108,2025-01-29,19.99,1
1272,28,110,2025-05-19,149.99,1
1273,17,108,2025-02-05,19.99,1
1274,168,109,2026-01-11,39.99,1
1275,199,101,2025-12-21,129.99,1
1276,101,108,2025-02-07,19.99,1
1277,149,101,2025-12-20,129.99,1
1278,73,101,2025-01-24,129.99,1
1279,86,102,2025-06-11,49.99,1
1280,78,104,2025-10-21,24.99,1
1281,37,107,2025-10-20,29.99,1
1282,60,107,2026-01-06,29.99,1
1283,168,110,2025-09-06,149.99,1
1284,192,103,2025-06-15,89.99,1
1285,147,102,2026-01-11,49.99,1
1286,34,105,2025-06-01,34.99,1
1287,96,105,2025-11-27,34.99,1
1288,147,106,2025-12-10,59.99,1
1289,55,107,2025-05-30,29.99,1
1290,88,102,2025-09-19,49.99,1
1291,97,110,2025-09-12,149.99,1
1292,162,103,2025-07-29,89.99,1
1293,181,107,2025-09-09,29.99,1
1294,103,101,2025-05-20,129.99,1
1295,100,105,2025-03-19,34.99,1
1296,60,108,2025-07-28,19.99,1
1297,67,106,2025-07-25,59.99,1
1298,80,110,2025-10-06,149.99,1
1299,41,104,2025-04-04,24.99,1
1300,196,105,2025-01-14,34.99,1
1301,134,109,2025-01-21,39.99,1
1302,100,106,2025-05-02,59.99,1
1303,11,101,2025-09-16,129.99,1
1304,88,108,2025-07-31,19.99,1
1305,100,106,2025-07-26,59.99,1
1306,89,105,2025-11-10,34.99,1
1307,18,110,2025-04-13,149.99,1
1308,157,103,2025-05-19,89.99,1
1309,186,108,2025-04-23,19.99,1
1310,39,108,2025-12-22,19.99,1
1311,65,107,2025-10-05,29.99,1
1312,1,106,2025-02-23,59.99,1
1313,166,109,2025-11-05,39.99,1
1314,85,104,2025-06-15,24.99,1
1315,16,110,2025-10-20,149.99,1
1316,46,104,2025-12-02,24.99,1
1317,84,104,2025-01-18,24.99,1
1318,117,101,2025-03-29,129.99,1
1319,106,101,2025-02-18,129.99,1
1320,41,101,2025-01-25,129.99,1
1321,174,101,2025-08-19,129.99,1
1322,166,101,2025-09-27,129.99,1
1323,87,109,2025-01-30,39.99,1
1324,144,105,2025-10-11,34.99,1
1325,178,104,2025-06-09,24.99,1
1326,190,108,2025-04-08,19.99,1
1327,156,109,2025-04-02,39.99,1
1328,120,105,2025-11-25,34.99,1
1329,109,108,2025-02-02,19.99,1
1330,148,102,2025-07-16,49.99,1
1331,47,107,2025-04-28,29.99,1
1332,66,110,2025-11-07,149.99,1
1333,148,103,2025-10-07,89.99,1
1334,162,104,2025-05-09,24.99,1
1335,152,106,2025-08-19,59.99,1
1336,42,104,2025-09-16,24.99,1
1337,49,108,2025-05-10,19.99,1
1338,180,108,2025-05-03,19.99,1
1339,195,107,2025-03-06,29.99,1
1340,33,104,2025-09-11,24.99,1
1341,53,107,2025-04-03,29.99,1
1342,98,108,2025-05-02,19.99,1
1343,114,106,2025-02-04,59.99,1
1344,80,110,2025-12-26,149.99,1
1345,77,109,2025-11-30,39.99,1
1346,193,105,2025-12-12,34.99,1
1347,118,101,2025-08-30,129.99,1
1348,5,105,2025-06-18,34.99,1
1349,74,104,2025-07-13,24.99,1
1350,105,104,2026-01-03,24.99,1
1351,177,107,2025-12-23,29.99,1
1352,58,103,2025-09-15,89.99,1
1353,119,108,2025-10-27,19.99,1
1354,179,106,2025-05-09,59.99,1
1355,119,105,2025-06-14,34.99,1
1356,153,109,2025-03-08,39.99,1
1357,78,107,2025-05-30,29.99,1
1358,199,105,2025-10-16,34.99,1
1359,195,110,2025-07-05,149.99,1
1360,77,102,2025-11-19,49.99,1
1361,18,108,2025-05-03,19.99,1
1362,70,107,2025-09-28,29.99,1
1363,119,101,2025-11-03,129.99,1
1364,150,101,2025-12-13,129.99,1
1365,197,102,2025-08-06,49.99,1
1366,56,103,2026-01-02,89.99,1
1367,27,101,2025-08-04,129.99,1
1368,59,101,2025-03-03,129.99,1
1369,108,103,2025-04-11,89.99,1
1370,169,108,2025-03-28,19.99,1
1371,69,101,2025-09-06,129.99,1
1372,158,102,2025-12-16,49.99,1
1373,125,110,2025-11-19,149.99,1
1374,163,101,2025-02-15,129.99,1
1375,164,110,2025-10-05,149.99,1
1376,183,108,2025-03-23,19.99,1
1377,116,104,2025-04-21,24.99,1
1378,160,103,2025-09-16,89.99,1
1379,96,102,2025-08-21,49.99,1
1380,21,106,2025-11-28,59.99,1
1381,72,106,2025-03-22,59.99,1
1382,45,108,2025-10-18,19.99,1
1383,148,107,2025-10-05,29.99,1
1384,66,107,2025-08-05,29.99,1
1385,196,104,2025-07-07,24.99,1
1386,187,109,2025-11-27,39.99,1
1387,178,109,2025-05-14,39.99,1
1388,193,109,2025-12-29,39.99,1
1389,140,101,2025-01-18,129.99,1
1390,153,105,2025-12-22,34.99,1
1391,2,108,2025-12-31,19.99,1
1392,23,103,2025-02-24,89.99,1
1393,149,103,2026-01-13,89.99,1
1394,182,110,2025-07-07,149.99,1
1395,167,109,2025-04-11,39.99,1
1396,28,108,2025-08-22,19.99,1
1397,25,101,2025-03-28,129.99,1
1398,145,105,2025-12-13,34.99,1
1399,180,107,2025-08-03,29.99,1
1400,145,101,2025-10-23,129.99,1
1401,89,103,2025-06-01,89.99,1
1402,77,110,2025-07-27,149.99,1
1403,79,101,2025-05-24,129.99,1
1404,42,107,2025-04-18,29.99,1
1405,172,108,2025-07-19,19.99,1
1406,80,103,2025-07-14,89.99,1
1407,90,103,2025-02-18,89.99,1
1408,124,106,2026-01-07,59.99,1
1409,9,108,2025-07-03,19.99,1
1410,35,105,2025-11-16,34.99,1
1411,22,110,2025-12-13,149.99,1
1412,181,110,2025-05-28,149.99,1
1413,130,106,2025-06-13,59.99,1
1414,87,107,2025-08-06,29.99,1
1415,198,103,2025-04-03,89.99,1
1416,39,103,2025-03-07,89.99,1
1417,117,107,2025-04-18,29.99,1
1418,195,108,2025-12-21,19.99,1
1419,113,104,2025-08-12,24.99,1
1420,181,102,2025-06-14,49.99,1
1421,186,103,2025-03-09,89.99,1
1422,29,101,2025-05-13,129.99,1
1423,32,108,2025-06-01,19.99,1
1424,185,105,2025-11-14,34.99,1
1425,182,101,2025-07-14,129.99,1
1426,94,102,2025-09-09,49.99,1
1427,2,104,2025-09-20,24.99,1
1428,89,110,2025-04-17,149.99,1
1429,79,105,2025-11-09,34.99,1
1430,19,110,2026-01-01,149.99,1
1431,164,102,2025-09-04,49.99,1
1432,95,108,2025-07-11,19.99,1
1433,132,104,2025-03-15,24.99,1
1434,148,101,2025-10-30,129.99,1
1435,136,108,2025-03-15,19.99,1
1436,18,105,2025-10-03,34.99,1
1437,170,109,2025-07-10,39.99,1
1438,134,106,2025-12-14,59.99,1
1439,167,106,2025-07-30,59.99,1
1440,120,102,2025-09-04,49.99,1
1441,24,108,2025-02-03,19.99,1
1442,154,105,2025-01-25,34.99,1
1443,135,105,2025-11-18,34.99,1
1444,100,107,2025-12-24,29.99,1
1445,196,110,2025-09-14,149.99,1
1446,187,107,2025-10-19,29.99,1
1447,200,105,2025-06-12,34.99,1
1448,147,109,2025-11-17,39.99,1
1449,6,102,2025-04-07,49.99,1
1450,15,108,2025-09-28,19.99,1
1451,130,109,2025-01-16,39.99,1
1452,90,106,2025-07-17,59.99,1
1453,103,108,2025-05-29,19.99,1
1454,2,102,2025-08-27,49.99,1
1455,153,109,2025-09-14,39.99,1
1456,197,109,2025-08-26,39.99,1
1457,55,109,2025-07-08,39.99,1
1458,39,101,2025-07-10,129.99,1
1459,76,109,2025-01-15,39.99,1
1460,61,107,2025-08-02,29.99,1
1461,133,104,2025-01-17,24.99,1
1462,19,107,2025-07-25,29.99,1
1463,115,104,2025-04-23,24.99,1
1464,79,108,2026-01-05,19.99,1
1465,27,110,2025-01-19,149.99,1
1466,42,104,2025-11-06,24.99,1
1467,14,110,2025-09-16,149.99,1
1468,33,109,2025-11-04,39.99,1
1469,113,109,2025-12-11,39.99,1
1470,65,103,2025-02-21,89.99,1
1471,154,107,2025-02-17,29.99,1
1472,60,107,2025-03-08,29.99,1
1473,28,107,2025-03-24,29.99,1
1474,200,103,2025-07-24,89.99,1
1475,65,109,2025-11-07,39.99,1
1476,23,104,2025-04-20,24.99,1
1477,144,105,2025-06-07,34.99,1
1478,183,103,2025-05-29,89.99,1
1479,12,103,2025-06-10,89.99,1
1480,50,109,2025-08-07,39.99,1
1481,40,103,2026-01-10,89.99,1
1482,200,106,2025-04-05,59.99,1
1483,133,108,2025-09-20,19.99,1
1484,142,108,2025-11-19,19.99,1
1485,22,102,2025-09-09,49.99,1
1486,91,105,2025-11-23,34.99,1
1487,77,103,2025-10-18,89.99,1
1488,56,106,2025-02-16,59.99,1
1489,97,105,2025-05-31,34.99,1
1490,139,108,2025-08-03,19.99,1
1491,116,107,2025-02-02,29.99,1
1492,91,110,2025-01-16,149.99,1
1493,130,106,2025-03-16,59.99,1
1494,58,108,2025-07-14,19.99,1
1495,200,104,2025-06-20,24.99,1
1496,159,104,2025-10-27,24.99,1
1497,187,105,2025-08-08,34.99,1
1498,96,110,2025-11-23,149.99,1
1499,145,105,2025-02-16,34.99,1
1500,170,104,2025-07-25,24.99,1
1501,109,102,2025-01-28,49.99,1
1502,58,110,2025-03-31,149.99,1
1503,127,110,2025-11-26,149.99,1
1504,137,104,2025-12-03,24.99,1
1505,119,105,2025-07-06,34.99,1
1506,112,103,2025-01-30,89.99,1
1507,101,101,2025-02-09,129.99,1
1508,90,109,2025-12-17,39.99,1
1509,159,108,2025-12-08,19.99,1
1510,199,107,2025-08-07,29.99,1
1511,21,102,2025-01-25,49.99,1
1512,2,110,2025-12-18,149.99,1
1513,37,103,2025-05-08,89.99,1
1514,154,109,2025-12-30,39.99,1
1515,10,102,2025-08-15,49.99,1
1516,159,101,2025-10-15,129.99,1
1517,198,103,2025-09-30,89.99,1
1518,162,103,2025-06-07,89.99,1
1519,104,105,2025-02-10,34.99,1
1520,37,105,2025-03-13,34.99,1
1521,177,107,2025-04-11,29.99,1
1522,22,101,2025-11-14,129.99,1
1523,54,102,2025-06-04,49.99,1
1524,187,103,2025-12-07,89.99,1
1525,43,103,2025-05-14,89.99,1
1526,123,104,2025-10-16,24.99,1
1527,60,107,2025-03-05,29.99,1
1528,101,101,2026-01-09,129.99,1
1529,89,109,2025-10-05,39.99,1
1530,70,101,2025-07-15,129.99,1
1531,53,105,2026-01-04,34.99,1
1532,11,108,2025-02-01,19.99,1
1533,84,107,2025-06-21,29.99,1
1534,110,105,2025-11-15,34.99,1
1535,111,101,2025-05-17,129.99,1
1536,105,108,2025-10-21,19.99,1
1537,91,109,2025-12-28,39.99,1
1538,52,105,2025-06-07,34.99,1
1539,16,108,2025-10-23,19.99,1
1540,156,101,2025-01-23,129.99,1
1541,182,110,2025-04-23,149.99,1
1542,54,108,2026-01-11,19.99,1
1543,99,104,2025-07-11,24.99,1
1544,98,105,2025-05-23,34.99,1
1545,147,109,2025-12-23,39.99,1
1546,66,110,2025-06-20,149.99,1
1547,197,105,2025-09-18,34.99,1
1548,22,102,2025-09-11,49.99,1
1549,38,106,2025-02-13,59.99,1
1550,15,105,2025-08-27,34.99,1
1551,95,110,2025-11-01,149.99,1
1552,171,104,2025-09-30,24.99,1
1553,196,108,2025-02-12,19.99,1
1554,81,109,2025-03-10,39.99,1
1555,148,108,2025-09-30,19.99,1
1556,151,109,2025-09-02,39.99,1
1557,28,109,2025-10-10,39.99,1
1558,52,106,2025-05-08,59.99,1
1559,151,103,2025-02-20,89.99,1
1560,129,104,2025-01-14,24.99,1
1561,113,102,2025-05-05,49.99,1
1562,122,105,2025-05-24,34.99,1
1563,115,107,2025-04-21,29.99,1
1564,172,110,2025-03-02,149.99,1
1565,200,106,2025-03-22,59.99,1
1566,41,104,2025-06-26,24.99,1
1567,24,105,2025-08-04,34.99,1
1568,192,107,2025-06-11,29.99,1
1569,109,103,2025-01-22,89.99,1
1570,104,103,2025-05-22,89.99,1
1571,56,101,2025-02-16,129.99,1
1572,48,103,2025-08-19,89.99,1
1573,161,107,2025-05-11,29.99,1
1574,157,109,2025-06-02,39.99,1
1575,84,107,2025-04-29,29.99,1
1576,128,109,2025-06-03,39.99,1
1577,104,110,2025-02-13,149.99,1
1578,158,105,2025-12-08,34.99,1
1579,200,106,2025-12-10,59.99,1
1580,138,101,2026-01-06,129.99,1
1581,97,106,2025-08-10,59.99,1
1582,140,102,2025-03-16,49.99,1
1583,14,102,2025-06-01,49.99,1
1584,105,109,2025-03-04,39.99,1
1585,162,108,2025-05-03,19.99,1
1586,131,107,2025-07-12,29.99,1
1587,61,108,2025-02-05,19.99,1
1588,92,110,2025-06-21,149.99,1
1589,109,107,2025-06-16,29.99,1
1590,76,102,2025-07-09,49.99,1
1591,143,105,2025-02-10,34.99,1
1592,141,104,2025-04-15,24.99,1
1593,76,108,2025-04-13,19.99,1
1594,51,106,2025-08-29,59.99,1
1595,198,108,2025-08-18,19.99,1
1596,53,105,2025-03-25,34.99,1
1597,102,110,2025-02-21,149.99,1
1598,107,103,2025-05-04,89.99,1
1599,28,101,2025-12-26,129.99,1
1600,92,102,2025-05-14,49.99,1
1601,154,105,2025-08-27,34.99,1
1602,11,110,2025-11-03,149.99,1
1603,150,109,2025-05-13,39.99,1
1604,11,104,2025-05-15,24.99,1
1605,78,104,2025-11-07,24.99,1
1606,46,104,2025-11-23,24.99,1
1607,66,104,2026-01-04,24.99,1
1608,132,103,2025-03-03,89.99,1
1609,91,105,2025-05-10,34.99,1
1610,172,104,2025-12-25,24.99,1
1611,84,103,2025-03-27,89.99,1
1612,126,106,2025-05-07,59.99,1
1613,81,106,2026-01-01,59.99,1
1614,13,109,2026-01-02,39.99,1
1615,9,106,2025-04-29,59.99,1
1616,175,104,2025-09-24,24.99,1
1617,146,101,2025-07-11,129.99,1
1618,21,107,2025-08-11,29.99,1
1619,20,104,2025-04-11,24.99,1
1620,39,107,2025-05-30,29.99,1
1621,162,110,2025-11-07,149.99,1
1622,185,109,2025-06-05,39.99,1
1623,22,109,2025-02-23,39.99,1
1624,106,102,2025-08-07,49.99,1
1625,45,103,2025-08-17,89.99,1
1626,183,109,2025-07-31,39.99,1
1627,55,105,2025-09-19,34.99,1
1628,125,101,2025-08-02,129.99,1
1629,124,106,2025-12-27,59.99,1
1630,116,103,2025-06-30,89.99,1
1631,56,104,2025-09-29,24.99,1
1632,42,108,2025-06-22,19.99,1
1633,47,104,2025-04-29,24.99,1
1634,43,108,2025-09-23,19.99,1
1635,167,107,2025-11-08,29.99,1
1636,96,104,2025-10-31,24.99,1
1637,42,102,2025-06-11,49.99,1
1638,59,107,2025-07-14,29.99,1
1639,66,108,2025-09-01,19.99,1
1640,174,104,2025-04-11,24.99,1
1641,188,103,2025-09-11,89.99,1
1642,63,106,2025-10-01,59.99,1
1643,3,106,2025-10-28,59.99,1
1644,75,110,2025-02-09,149.99,1
1645,68,108,2026-01-10,19.99,1
1646,147,102,2025-07-07,49.99,1
1647,155,110,2025-06-08,149.99,1
1648,25,109,2025-07-17,39.99,1
1649,85,109,2025-12-15,39.99,1
1650,180,103,2025-09-23,89.99,1
1651,171,108,2025-07-30,19.99,1
1652,22,102,2025-10-29,49.99,1
1653,63,104,2025-05-24,24.99,1
1654,198,108,2025-12-06,19.99,1
1655,15,103,2025-07-28,89.99,1
1656,66,103,2025-09-03,89.99,1
1657,73,106,2025-02-13,59.99,1
1658,173,108,2025-10-21,19.99,1
1659,123,104,2025-09-10,24.99,1
1660,6,110,2025-05-22,149.99,1
1661,82,103,2025-09-06,89.99,1
1662,107,104,2025-01-29,24.99,1
1663,132,102,2026-01-08,49.99,1
1664,112,104,2025-09-17,24.99,1
1665,99,105,2025-06-08,34.99,1
1666,59,104,2025-10-15,24.99,1
1667,25,106,2026-01-01,59.99,1
1668,76,107,2025-06-19,29.99,1
1669,139,110,2025-01-16,149.99,1
1670,23,106,2025-04-17,59.99,1
1671,189,109,2025-07-18,39.99,1
1672,112,102,2025-07-21,49.99,1
1673,34,105,2025-08-13,34.99,1
1674,108,109,2025-08-11,39.99,1
1675,166,107,2025-06-25,29.99,1
1676,23,104,2025-06-05,24.99,1
1677,111,108,2025-10-22,19.99,1
1678,123,110,2025-08-16,149.99,1
1679,85,104,2025-07-15,24.99,1
1680,112,101,2025-05-19,129.99,1
1681,97,106,2025-01-21,59.99,1
1682,89,104,2025-02-20,24.99,1
1683,182,107,2025-06-14,29.99,1
1684,130,101,2025-12-30,129.99,1
1685,2,105,2025-02-24,34.99,1
1686,200,102,2025-12-23,49.99,1
1687,134,105,2025-03-05,34.99,1
1688,82,109,2025-05-07,39.99,1
1689,97,104,2025-06-28,24.99,1
1690,150,103,2025-03-29,89.99,1
1691,31,106,2025-07-08,59.99,1
1692,65,106,2025-07-06,59.99,1
1693,147,101,2025-06-22,129.99,1
1694,58,105,2025-09-25,34.99,1
1695,28,110,2025-05-09,149.99,1
1696,131,105,2025-05-02,34.99,1
1697,58,101,2025-11-05,129.99,1
1698,173,103,2025-02-24,89.99,1
1699,161,107,2025-11-19,29.99,1
1700,49,105,2025-09-07,34.99,1
1701,8,109,2025-09-17,39.99,1
1702,130,109,2025-03-14,39.99,1
1703,186,108,2026-01-08,19.99,1
1704,195,104,2025-04-12,24.99,1
1705,30,102,2025-03-17,49.99,1
1706,128,109,2025-03-12,39.99,1
1707,198,104,2025-08-05,24.99,1
1708,68,106,2025-12-29,59.99,1
1709,163,104,2025-04-07,24.99,1
1710,124,110,2025-06-10,149.99,1
1711,36,102,2025-03-21,49.99,1
1712,188,106,2025-09-04,59.99,1
1713,3,101,2025-06-20,129.99,1
1714,20,101,2025-01-23,129.99,1
1715,165,101,2025-08-25,129.99,1
1716,110,106,2025-03-26,59.99,1
1717,156,109,2025-08-17,39.99,1
1718,76,101,2025-06-04,129.99,1
1719,55,102,2025-09-27,49.99,1
1720,1,106,2025-03-29,59.99,1
1721,96,104,2025-10-15,24.99,1
1722,154,101,2025-11-04,129.99,1
1723,77,101,2025-02-04,129.99,1
1724,79,109,2025-02-19,39.99,1
1725,97,107,2025-11-28,29.99,1
1726,88,106,2025-03-22,59.99,1
1727,119,104,2025-05-12,24.99,1
1728,69,106,2025-06-29,59.99,1
1729,40,101,2025-04-19,129.99,1
1730,196,105,2025-11-24,34.99,1
1731,123,109,2025-07-25,39.99,1
1732,120,104,2025-09-03,24.99,1
1733,19,105,2025-08-19,34.99,1
1734,13,110,2025-08-24,149.99,1
1735,58,104,2025-08-15,24.99,1
1736,148,103,2025-05-20,89.99,1
1737,88,108,2025-11-18,19.99,1
1738,116,101,2025-08-26,129.99,1
1739,128,110,2025-11-06,149.99,1
1740,157,105,2025-09-28,34.99,1
1741,168,103,2025-05-01,89.99,1
1742,149,101,2025-08-25,129.99,1
1743,52,108,2025-02-13,19.99,1
1744,45,103,2025-03-03,89.99,1
1745,99,109,2025-02-25,39.99,1
1746,179,104,2025-05-04,24.99,1
1747,185,101,2025-03-20,129.99,1
1748,146,103,2025-09-23,89.99,1
1749,84,108,2025-07-18,19.99,1
1750,127,105,2025-06-15,34.99,1
1751,70,107,2025-03-04,29.99,1
1752,197,102,2025-06-02,49.99,1
1753,16,101,2025-03-21,129.99,1
1754,167,109,2025-09-02,39.99,1
1755,108,104,2025-09-23,24.99,1
1756,71,106,2025-09-06,59.99,1
1757,184,102,2026-01-13,49.99,1
1758,157,102,2025-08-04,49.99,1
1759,108,108,2025-07-11,19.99,1
1760,130,106,2025-03-05,59.99,1
1761,112,103,2025-05-08,89.99,1
1762,111,109,2025-06-27,39.99,1
1763,114,104,2025-02-01,24.99,1
1764,187,110,2025-05-24,149.99,1
1765,164,110,2025-01-16,149.99,1
1766,78,101,2025-03-03,129.99,1
1767,165,102,2025-11-07,49.99,1
1768,19,103,2025-12-31,89.99,1
1769,121,105,2025-07-16,34.99,1
1770,133,102,2025-07-13,49.99,1
1771,45,102,2025-09-20,49.99,1
1772,86,102,2025-06-14,49.99,1
1773,38,108,2025-11-16,19.99,1
1774,126,108,2025-07-10,19.99,1
1775,29,105,2025-02-12,34.99,1
1776,61,102,2025-01-24,49.99,1
1777,30,109,2025-10-18,39.99,1
1778,45,105,2025-04-29,34.99,1
1779,184,103,2025-04-23,89.99,1
1780,153,105,2025-07-28,34.99,1
1781,200,101,2025-03-15,129.99,1
1782,73,104,2025-06-29,24.99,1
1783,108,107,2025-10-11,29.99,1
1784,22,105,2025-10-20,34.99,1
1785,59,105,2025-08-02,34.99,1
1786,69,101,2025-02-23,129.99,1
1787,19,102,2025-02-23,49.99,1
1788,162,102,2025-10-23,49.99,1
1789,26,104,2025-11-10,24.99,1
1790,40,104,2025-05-27,24.99,1
1791,48,105,2025-11-10,34.99,1
1792,198,101,2025-01-28,129.99,1
1793,153,107,2025-10-03,29.99,1
1794,34,105,2025-07-31,34.99,1
1795,82,109,2026-01-10,39.99,1
1796,183,103,2025-02-19,89.99,1
1797,55,103,2025-11-12,89.99,1
1798,63,103,2025-10-14,89.99,1
1799,148,107,2025-05-01,29.99,1
1800,93,105,2026-01-13,34.99,1
1801,173,107,2025-06-26,29.99,1
1802,64,108,2025-05-20,19.99,1
1803,150,107,2025-11-07,29.99,1
1804,143,105,2025-06-22,34.99,1
1805,36,110,2026-01-11,149.99,1
1806,143,107,2025-10-23,29.99,1
1807,179,109,2025-04-09,39.99,1
1808,36,106,2025-11-05,59.99,1
1809,167,102,2025-08-16,49.99,1
1810,129,106,2025-05-21,59.99,1
1811,165,102,2025-09-30,49.99,1
1812,141,101,2025-09-01,129.99,1
1813,154,108,2025-03-14,19.99,1
1814,95,105,2025-03-04,34.99,1
1815,157,108,2025-03-29,19.99,1
1816,6,109,2025-03-29,39.99,1
1817,103,110,2025-02-03,149.99,1
1818,126,106,2025-05-21,59.99,1
1819,168,103,2025-04-25,89.99,1
1820,182,108,2025-07-29,19.99,1
1821,162,104,2025-05-11,24.99,1
1822,25,104,2025-09-27,24.99,1
1823,135,101,2025-04-28,129.99,1
1824,104,108,2025-04-20,19.99,1
1825,92,108,2025-11-23,19.99,1
1826,114,108,2026-01-08,19.99,1
1827,91,101,2025-09-18,129.99,1
1828,7,108,2025-02-16,19.99,1
1829,133,106,2025-12-31,59.99,1
1830,43,107,2025-10-27,29.99,1
1831,154,107,2025-12-15,29.99,1
1832,74,109,2026-01-11,39.99,1
1833,146,110,2025-11-26,149.99,1
1834,39,102,2025-02-28,49.99,1
1835,71,108,2025-11-25,19.99,1
1836,170,105,2025-04-14,34.99,1
1837,191,102,2025-09-30,49.99,1
1838,96,104,2025-11-12,24.99,1
1839,12,106,2025-10-18,59.99,1
1840,1,104,2025-09-17,24.99,1
1841,80,107,2025-07-11,29.99,1
1842,4,102,2025-08-12,49.99,1
1843,123,107,2025-04-21,29.99,1
1844,156,106,2025-06-13,59.99,1
1845,121,106,2025-06-27,59.99,1
1846,109,110,2025-09-01,149.99,1
1847,136,110,2025-12-01,149.99,1
1848,167,105,2025-02-16,34.99,1
1849,113,102,2025-07-20,49.99,1
1850,148,104,2025-04-24,24.99,1
1851,99,102,2025-12-21,49.99,1
1852,26,103,2025-05-28,89.99,1
1853,18,102,2025-12-26,49.99,1
1854,20,101,2025-05-12,129.99,1
1855,161,110,2025-01-13,149.99,1
1856,39,105,2025-10-23,34.99,1
1857,76,108,2025-10-08,19.99,1
1858,82,109,2025-10-07,39.99,1
1859,120,108,2025-06-29,19.99,1
1860,111,101,2025-09-13,129.99,1
1861,47,108,2025-05-24,19.99,1
1862,66,107,2025-02-05,29.99,1
1863,121,105,2025-07-27,34.99,1
1864,80,105,2025-04-02,34.99,1
1865,84,103,2025-06-19,89.99,1
1866,195,108,2025-03-31,19.99,1
1867,57,103,2025-04-21,89.99,1
1868,18,103,2025-11-12,89.99,1
1869,186,108,2025-05-16,19.99,1
1870,13,105,2025-08-12,34.99,1
1871,49,102,2025-08-08,49.99,1
1872,41,107,2025-07-09,29.99,1
1873,143,107,2025-05-18,29.99,1
1874,5,109,2025-09-19,39.99,1
1875,123,102,2025-01-30,49.99,1
1876,156,109,2025-02-18,39.99,1
1877,65,108,2025-10-26,19.99,1
1878,136,104,2025-06-30,24.99,1
1879,129,110,2025-02-27,149.99,1
1880,11,108,2025-11-22,19.99,1
1881,133,109,2025-06-23,39.99,1
1882,98,108,2025-01-13,19.99,1
1883,95,105,2025-12-29,34.99,1
1884,67,103,2025-03-28,89.99,1
1885,96,106,2025-09-22,59.99,1
1886,31,109,2025-03-02,39.99,1
1887,51,108,2025-09-07,19.99,1
1888,82,104,2025-03-12,24.99,1
1889,32,103,2025-12-20,89.99,1
1890,167,102,2025-04-23,49.99,1
1891,175,102,2025-09-09,49.99,1
1892,77,103,2025-04-14,89.99,1
1893,116,107,2025-05-29,29.99,1
1894,125,101,2025-12-09,129.99,1
1895,142,110,2025-03-14,149.99,1
1896,76,110,2025-06-07,149.99,1
1897,120,104,2025-05-04,24.99,1
1898,87,104,2025-09-25,24.99,1
1899,143,101,2025-04-08,129.99,1
1900,35,104,2025-09-09,24.99,1
1901,183,108,2025-09-27,19.99,1
1902,58,110,2025-01-13,149.99,1
1903,29,108,2025-07-06,19.99,1
1904,20,105,2025-03-02,34.99,1
1905,53,106,2025-04-05,59.99,1
1906,57,104,2025-09-18,24.99,1
1907,47,101,2025-01-16,129.99,1
1908,107,110,2025-09-24,149.99,1
1909,66,106,2025-11-08,59.99,1
1910,39,110,2026-01-09,149.99,1
1911,140,101,2025-06-16,129.99,1
1912,158,102,2025-03-02,49.99,1
1913,181,108,2025-02-07,19.99,1
1914,8,103,2025-06-02,89.99,1
1915,195,102,2025-10-07,49.99,1
1916,38,108,2025-02-19,19.99,1
1917,189,103,2025-05-07,89.99,1
1918,40,105,2025-12-01,34.99,1
1919,79,105,2025-03-04,34.99,1
1920,51,102,2025-10-23,49.99,1
1921,38,103,2025-10-15,89.99,1
1922,83,102,2025-03-02,49.99,1
1923,93,104,2026-01-11,24.99,1
1924,22,107,2025-03-06,29.99,1
1925,155,106,2025-07-26,59.99,1
1926,5,101,2025-01-16,129.99,1
1927,101,109,2025-09-07,39.99,1
1928,117,104,2025-06-23,24.99,1
1929,111,105,2025-10-04,34.99,1
1930,58,107,2025-08-30,29.99,1
1931,67,104,2025-03-09,24.99,1
1932,65,102,2025-06-12,49.99,1
1933,96,110,2025-09-21,149.99,1
1934,73,110,2025-11-23,149.99,1
1935,133,103,2025-02-13,89.99,1
1936,67,109,2025-02-18,39.99,1
1937,198,103,2025-10-15,89.99,1
1938,200,109,2025-08-16,39.99,1
1939,17,106,2025-06-02,59.99,1
1940,187,101,2025-12-31,129.99,1
1941,127,106,2025-05-08,59.99,1
1942,149,101,2025-03-05,129.99,1
1943,185,108,2025-04-24,19.99,1
1944,38,104,2025-02-12,24.99,1
1945,96,108,2025-08-03,19.99,1
1946,116,110,2025-08-20,149.99,1
1947,156,110,2025-08-23,149.99,1
1948,13,106,2025-10-25,59.99,1
1949,178,104,2025-09-22,24.99,1
1950,162,107,2025-11-19,29.99,1
1951,2,107,2025-09-10,29.99,1
1952,50,109,2025-05-03,39.99,1
1953,28,108,2025-07-21,19.99,1
1954,43,110,2025-07-18,149.99,1
1955,71,107,2025-10-13,29.99,1
1956,195,110,2025-05-01,149.99,1
1957,19,104,2025-02-01,24.99,1
1958,97,105,2025-12-07,34.99,1
1959,41,101,2025-12-28,129.99,1
1960,116,107,2025-07-13,29.99,1
1961,45,101,2025-02-23,129.99,1
1962,102,101,2025-07-14,129.99,1
1963,15,106,2025-08-18,59.99,1
1964,160,109,2025-07-25,39.99,1
1965,164,101,2026-01-05,129.99,1
1966,84,108,2026-01-09,19.99,1
1967,2,107,2025-12-20,29.99,1
1968,65,102,2025-03-02,49.99,1
1969,97,101,2025-11-24,129.99,1
1970,156,104,2025-08-09,24.99,1
1971,46,108,2025-05-26,19.99,1
1972,72,105,2025-09-19,34.99,1
1973,91,106,2025-10-19,59.99,1
1974,65,102,2025-12-28,49.99,1
1975,96,103,2025-10-21,89.99,1
1976,104,106,2025-01-19,59.99,1
1977,66,105,2025-02-06,34.99,1
1978,75,104,2025-04-18,24.99,1
1979,52,107,2025-01-27,29.99,1
1980,163,106,2025-02-04,59.99,1
1981,151,109,2025-10-28,39.99,1
1982,142,109,2025-07-17,39.99,1
1983,122,110,2025-08-31,149.99,1
1984,62,108,2025-07-15,19.99,1
1985,166,108,2025-06-14,19.99,1
1986,117,109,2025-09-26,39.99,1
1987,96,107,2025-02-12,29.99,1
1988,12,106,2025-07-28,59.99,1
1989,145,101,2025-08-26,129.99,1
1990,112,110,2025-04-24,149.99,1
1991,59,107,2025-05-06,29.99,1
1992,84,106,2025-07-19,59.99,1
1993,116,101,2025-03-28,129.99,1
1994,53,105,2025-11-04,34.99,1
1995,179,107,2025-07-28,29.99,1
1996,200,102,2025-06-05,49.99,1
1997,88,101,2025-09-02,129.99,1
1998,83,103,2025-11-14,89.99,1
1999,65,106,2025-09-19,59.99,1
